category,cluster,keyword
water_heater,replacement,water heater replacement
water_heater,replacement,water heater replacement near me
water_heater,replacement,replace water heater
water_heater,replacement,replace water heater near me
water_heater,replacement,water heater replacement service
water_heater,replacement,water heater replacement services
water_heater,replacement,water heater replacement company
water_heater,replacement,water heater replacement contractor
water_heater,replacement,water heater replacement contractors
water_heater,replacement,water heater replacement installer
water_heater,replacement,water heater replacement installers
water_heater,replacement,local water heater replacement
water_heater,replacement,professional water heater replacement
water_heater,replacement,residential water heater replacement
water_heater,replacement,home water heater replacement
water_heater,replacement,hot water heater replacement
water_heater,replacement,hot water heater replacement near me
water_heater,replacement,water heater change out
water_heater,replacement,water heater changeout
water_heater,replacement,water heater swap
water_heater,installation,water heater installation
water_heater,installation,water heater installation near me
water_heater,installation,water heater installation service
water_heater,installation,water heater installation services
water_heater,installation,water heater installation company
water_heater,installation,water heater installation contractor
water_heater,installation,water heater installation contractors
water_heater,installation,water heater installer
water_heater,installation,water heater installers
water_heater,installation,water heater installer near me
water_heater,installation,local water heater installer
water_heater,installation,professional water heater installation
water_heater,installation,residential water heater installation
water_heater,installation,home water heater installation
water_heater,installation,hot water heater installation
water_heater,installation,hot water heater installer
water_heater,cost,water heater replacement cost
water_heater,cost,cost to replace water heater
water_heater,cost,how much to replace water heater
water_heater,cost,water heater installation cost
water_heater,cost,cost to install water heater
water_heater,cost,water heater replacement estimate
water_heater,cost,water heater installation estimate
water_heater,cost,water heater replacement quote
water_heater,cost,water heater installation quote
water_heater,cost,water heater replacement price
water_heater,cost,water heater installation price
water_heater,same_day,same day water heater replacement
water_heater,same_day,same day water heater installation
water_heater,same_day,same day water heater installer
water_heater,same_day,emergency water heater replacement
water_heater,same_day,emergency water heater installation
water_heater,same_day,urgent water heater replacement
water_heater,same_day,24 hour water heater replacement
water_heater,same_day,water heater replacement today
water_heater,tank,tank water heater replacement
water_heater,tank,tank water heater installation
water_heater,tank,tank water heater installer
water_heater,tank,storage tank water heater replacement
water_heater,tank,standard water heater replacement
water_heater,tank,conventional water heater replacement
water_heater,tankless,tankless water heater replacement
water_heater,tankless,tankless water heater replacement near me
water_heater,tankless,tankless water heater installation
water_heater,tankless,tankless water heater installation near me
water_heater,tankless,tankless water heater installer
water_heater,tankless,tankless water heater installer near me
water_heater,tankless,tankless water heater installation cost
water_heater,tankless,cost to install tankless water heater
water_heater,tankless,cost to replace tankless water heater
water_heater,gas,gas water heater replacement
water_heater,gas,gas water heater replacement near me
water_heater,gas,gas water heater installation
water_heater,gas,gas water heater installer
water_heater,gas,gas water heater installation cost
water_heater,gas,cost to replace gas water heater
water_heater,electric,electric water heater replacement
water_heater,electric,electric water heater replacement near me
water_heater,electric,electric water heater installation
water_heater,electric,electric water heater installer
water_heater,electric,electric water heater installation cost
water_heater,electric,cost to replace electric water heater
water_heater,heat_pump,heat pump water heater replacement
water_heater,heat_pump,heat pump water heater installation
water_heater,heat_pump,heat pump water heater installer
water_heater,heat_pump,heat pump water heater installation near me
water_heater,heat_pump,heat pump water heater installation cost
water_heater,heat_pump,hybrid water heater replacement
water_heater,heat_pump,hybrid water heater installation
water_heater,heat_pump,hybrid water heater installer
water_heater,conversion,tank to tankless water heater conversion
water_heater,conversion,convert tank water heater to tankless
water_heater,conversion,gas to electric water heater conversion
water_heater,conversion,electric to gas water heater conversion
water_heater,problem,replace leaking water heater
water_heater,problem,leaking water heater replacement
water_heater,problem,replace broken water heater
water_heater,problem,broken water heater replacement
water_heater,problem,no hot water water heater replacement
painting_interior,core,interior painters
painting_interior,core,interior painter
painting_interior,core,interior painters near me
painting_interior,core,interior house painters
painting_interior,core,interior house painter
painting_interior,core,interior home painters
painting_interior,core,interior wall painters
painting_interior,core,inside house painters
painting_interior,core,indoor house painters
painting_interior,service,interior painting
painting_interior,service,interior house painting
painting_interior,service,interior home painting
painting_interior,service,interior wall painting
painting_interior,service,interior painting services
painting_interior,service,interior house painting services
painting_interior,service,interior wall painting services
painting_interior,service,residential interior painting
painting_interior,service,residential interior painting services
painting_interior,provider,interior painting company
painting_interior,provider,interior painting companies
painting_interior,provider,interior painting company near me
painting_interior,provider,interior painting contractor
painting_interior,provider,interior painting contractors
painting_interior,provider,interior painting contractors near me
painting_interior,provider,interior wall painting contractors
painting_interior,provider,local interior painters
painting_interior,provider,professional interior painters
painting_interior,provider,professional interior painting
painting_interior,cost,interior painting cost
painting_interior,cost,interior house painting cost
painting_interior,cost,cost to paint house interior
painting_interior,cost,cost to paint interior walls
painting_interior,cost,interior painting estimate
painting_interior,cost,interior painting quote
painting_interior,cost,interior house painting estimate
painting_interior,cost,interior house painting quote
painting_interior,cost,interior painter cost
painting_interior,cost,interior painting prices
painting_interior,rooms,whole house interior painting
painting_interior,rooms,home interior wall painting
painting_interior,rooms,room painting services
painting_interior,rooms,living room painters
painting_interior,rooms,bedroom painters
painting_interior,rooms,kitchen painters
painting_interior,rooms,bathroom painters
painting_interior,rooms,ceiling painters
painting_interior,rooms,ceiling painting services
painting_interior,rooms,trim painting services
painting_interior,rooms,baseboard painting services
painting_interior,rooms,cabinet painting services
painting_exterior,core,exterior painters
painting_exterior,core,exterior painter
painting_exterior,core,exterior painters near me
painting_exterior,core,exterior house painters
painting_exterior,core,exterior house painter
painting_exterior,core,exterior home painters
painting_exterior,core,outside house painters
painting_exterior,service,exterior painting
painting_exterior,service,exterior house painting
painting_exterior,service,exterior home painting
painting_exterior,service,exterior wall painting
painting_exterior,service,exterior painting services
painting_exterior,service,exterior house painting services
painting_exterior,service,residential exterior painting
painting_exterior,service,residential exterior painting services
painting_exterior,provider,exterior painting company
painting_exterior,provider,exterior painting companies
painting_exterior,provider,exterior painting company near me
painting_exterior,provider,exterior painting contractor
painting_exterior,provider,exterior painting contractors
painting_exterior,provider,exterior painting contractors near me
painting_exterior,provider,local exterior painters
painting_exterior,provider,professional exterior painters
painting_exterior,provider,professional exterior painting
painting_exterior,cost,exterior painting cost
painting_exterior,cost,exterior house painting cost
painting_exterior,cost,cost to paint house exterior
painting_exterior,cost,cost to paint exterior walls
painting_exterior,cost,exterior painting estimate
painting_exterior,cost,exterior painting quote
painting_exterior,cost,exterior house painting estimate
painting_exterior,cost,exterior house painting quote
painting_exterior,cost,exterior painter cost
painting_exterior,cost,exterior painting prices
painting_exterior,surface,stucco painting
painting_exterior,surface,stucco painters
painting_exterior,surface,stucco painting services
painting_exterior,surface,brick house painting
painting_exterior,surface,siding painting
painting_exterior,surface,siding painters
painting_exterior,surface,wood siding painting
painting_exterior,surface,house trim painting
painting_exterior,surface,front door painting service
painting_exterior,surface,garage door painting service
painting_general,core,house painters
painting_general,core,house painter
painting_general,core,house painters near me
painting_general,core,home painters
painting_general,core,residential painters
painting_general,core,residential painters near me
painting_general,service,house painting
painting_general,service,house painting services
painting_general,service,home painting services
painting_general,service,residential painting
painting_general,service,residential painting services
painting_general,provider,painting company
painting_general,provider,painting companies
painting_general,provider,painting company near me
painting_general,provider,painting contractor
painting_general,provider,painting contractors
painting_general,provider,painting contractors near me
painting_general,provider,local painting company
painting_general,provider,local house painters
painting_general,provider,professional house painters
painting_general,cost,house painting cost
painting_general,cost,cost to paint a house
painting_general,cost,house painting estimate
painting_general,cost,house painting quote
painting_general,cost,painting estimate
painting_general,cost,painting quote
painting_general,cost,free painting estimate
wallpaper,core,wallpaper installer
wallpaper,core,wallpaper installers
wallpaper,core,wallpaper installer near me
wallpaper,core,wallpaper installation
wallpaper,core,wallpaper installation near me
wallpaper,core,wallpaper installation service
wallpaper,core,wallpaper installation services
wallpaper,core,wallpaper hanging
wallpaper,core,wallpaper hanging near me
wallpaper,core,wallpaper hanging service
wallpaper,core,wallpaper hanging services
wallpaper,core,wallpaper hanger
wallpaper,core,wallpaper hangers
wallpaper,core,wallpaper hanger near me
wallpaper,provider,wallpaper installation company
wallpaper,provider,wallpaper installation contractor
wallpaper,provider,wallpaper installation contractors
wallpaper,provider,professional wallpaper installer
wallpaper,provider,professional wallpaper installer near me
wallpaper,provider,professional wallpaper installation
wallpaper,provider,professional wallpaper hanging
wallpaper,provider,local wallpaper installer
wallpaper,provider,hire wallpaper installer
wallpaper,cost,wallpaper installer cost
wallpaper,cost,wallpaper installation cost
wallpaper,cost,cost to install wallpaper
wallpaper,cost,wallpaper hanging cost
wallpaper,cost,cost to hang wallpaper
wallpaper,cost,wallpaper installation estimate
wallpaper,cost,wallpaper installation quote
wallpaper,cost,wallpaper installer prices
wallpaper,cost,professional wallpaper installer cost
wallpaper,type,peel and stick wallpaper installer
wallpaper,type,peel and stick wallpaper installation
wallpaper,type,mural wallpaper installer
wallpaper,type,wall mural installation
wallpaper,type,grasscloth wallpaper installer
wallpaper,type,grasscloth wallpaper installation
wallpaper,type,textured wallpaper installation
wallpaper,type,vinyl wallpaper installation
wallpaper,type,custom wallpaper installation
wallpaper,type,residential wallpaper installation
floristry,occasion,birthday flowers
floristry,delivery,flower delivery
floristry,core,flowers
floristry,custom,personalized bouquets from local florists
floristry,roses,rose bouquets
floristry,delivery,same day flower delivery
floristry,occasion,sympathy flowers
floristry,wedding,wedding flowers
floristry,occasion,anniversary flowers
floristry,occasion,apology flowers
floristry,wedding,bridal bouquets
floristry,occasion,congratulations flowers
floristry,corporate,corporate flowers
floristry,custom,custom bouquets
floristry,event,event flower arrangements
floristry,wedding,flowers for newlyweds
floristry,occasion,get well flowers
floristry,occasion,housewarming flowers
floristry,occasion,just because flowers
floristry,luxury,luxury bouquets
floristry,occasion,new baby flowers
floristry,occasion,romantic flowers
floristry,occasion,thank you flowers
floristry,wedding,bridal bouquet
floristry,event,event flowers
floristry,event,floral centerpieces
floristry,core,florist
floristry,event,flower centerpieces
floristry,core,flower shop
floristry,core,local florist
floristry,custom,personalized bouquets
floristry,roses,rose bouquet
floristry,roses,roses
floristry,delivery,send flowers
floristry,event,table flower arrangements
floristry,wedding,wedding gift flowers
