category,cluster,keyword,Sacramento,San Diego,San Jose,Huntington Beach,Orange County,Livermore,San Francisco,Fremont,Los Angeles,Folsom,Roseville,San Mateo,Sunnyvale,Santa Monica,Chula Vista,Carlsbad,Thousand Oaks
water_heater,replacement,water heater replacement,140,320,170,40,590,20,90,70,590,20,70,30,30,10,50,10,20
water_heater,replacement,water heater replacement near me,50,110,90,10,90,10,40,20,70,10,20,10,10,10,10,10,10
water_heater,replacement,replace water heater,140,320,170,40,590,20,90,70,590,20,70,30,30,10,50,10,20
water_heater,replacement,replace water heater near me,50,110,90,10,90,10,40,20,70,10,20,10,10,10,10,10,10
water_heater,replacement,water heater replacement service,10,10,10,10,10,10,10,10,10,10,0,10,0,10,0,10,10
water_heater,replacement,water heater replacement services,10,10,10,10,10,10,10,10,10,10,0,10,0,10,0,10,10
water_heater,replacement,water heater replacement company,10,10,10,0,10,0,10,10,10,0,10,0,10,0,0,10,10
water_heater,replacement,water heater replacement contractor,10,10,10,10,10,0,10,10,10,10,10,10,10,0,10,10,0
water_heater,replacement,water heater replacement contractors,10,10,10,10,10,0,10,10,10,10,10,10,10,0,10,10,0
water_heater,replacement,water heater replacement installer,0,0,0,0,0,0,0,0,0,0,0,0,0,0,0,0,0
water_heater,replacement,water heater replacement installers,0,0,0,0,0,0,0,0,0,0,0,0,0,0,0,0,0
water_heater,replacement,local water heater replacement,10,10,10,0,10,0,10,0,10,0,0,0,0,0,0,10,0
water_heater,replacement,professional water heater replacement,0,0,0,0,0,0,0,0,0,0,0,0,0,0,0,0,0
water_heater,replacement,residential water heater replacement,10,10,10,0,10,0,0,10,10,0,0,0,0,0,0,0,0
water_heater,replacement,home water heater replacement,10,10,10,0,10,0,10,10,10,10,10,0,0,0,0,0,0
water_heater,replacement,hot water heater replacement,30,110,20,10,50,10,20,10,50,10,10,20,10,10,10,10,10
water_heater,replacement,hot water heater replacement near me,10,10,10,10,10,10,10,10,10,10,10,10,10,10,10,10,10
water_heater,replacement,water heater change out,10,10,0,0,10,0,0,0,10,0,0,0,0,0,0,0,0
water_heater,replacement,water heater changeout,0,0,0,0,0,0,0,0,0,0,0,0,0,0,0,0,0
water_heater,replacement,water heater swap,0,0,0,0,0,0,0,0,0,0,0,0,0,0,0,0,0
water_heater,installation,water heater installation,110,260,110,10,170,20,50,50,390,10,70,10,20,10,10,10,10
water_heater,installation,water heater installation near me,70,110,70,10,140,10,20,20,260,10,20,10,10,10,10,10,10
water_heater,installation,water heater installation service,10,10,10,10,20,10,10,10,30,10,10,10,10,10,10,10,10
water_heater,installation,water heater installation services,10,10,10,10,20,10,10,10,30,10,10,10,10,10,10,10,10
water_heater,installation,water heater installation company,10,10,10,0,10,10,10,0,10,10,0,0,10,0,10,10,0
water_heater,installation,water heater installation contractor,10,10,10,10,10,10,10,10,20,10,10,10,10,10,10,10,10
water_heater,installation,water heater installation contractors,10,10,10,10,10,10,10,10,20,10,10,10,10,10,10,10,10
water_heater,installation,water heater installer,110,260,110,10,170,20,50,50,390,10,70,10,20,10,10,10,10
water_heater,installation,water heater installers,110,260,110,10,170,20,50,50,390,10,70,10,20,10,10,10,10
water_heater,installation,water heater installer near me,70,110,70,10,140,10,20,20,260,10,20,10,10,10,10,10,10
water_heater,installation,local water heater installer,0,0,0,0,0,0,0,0,0,0,0,0,0,0,0,0,0
water_heater,installation,professional water heater installation,10,10,10,10,10,10,10,10,10,10,10,10,10,10,10,10,10
water_heater,installation,residential water heater installation,10,10,10,0,10,0,10,10,10,0,0,10,10,0,10,0,0
water_heater,installation,home water heater installation,0,10,0,0,0,0,10,10,0,0,0,0,0,0,0,0,0
water_heater,installation,hot water heater installation,10,30,10,10,10,10,10,10,20,10,10,10,10,10,10,10,10
water_heater,installation,hot water heater installer,10,30,10,10,10,10,10,10,20,10,10,10,10,10,10,10,10
water_heater,cost,water heater replacement cost,170,260,210,20,320,20,140,70,390,20,40,20,30,10,40,20,10
water_heater,cost,cost to replace water heater,170,260,210,20,320,20,140,70,390,20,40,20,30,10,40,20,10
water_heater,cost,how much to replace water heater,20,40,20,10,70,10,20,10,70,10,10,10,10,10,10,10,10
water_heater,cost,water heater installation cost,40,70,40,10,140,10,30,20,140,10,10,10,10,10,10,10,10
water_heater,cost,cost to install water heater,40,70,40,10,140,10,30,20,140,10,10,10,10,10,10,10,10
water_heater,cost,water heater replacement estimate,10,10,10,10,10,0,10,0,10,0,0,10,0,0,0,0,0
water_heater,cost,water heater installation estimate,10,10,10,10,10,10,10,10,10,10,0,10,10,0,10,10,10
water_heater,cost,water heater replacement quote,10,10,10,0,10,10,0,0,10,0,10,10,0,0,10,10,0
water_heater,cost,water heater installation quote,10,10,10,10,10,10,10,10,10,10,10,10,10,0,10,10,0
water_heater,cost,water heater replacement price,10,10,10,10,10,10,10,10,10,0,10,0,10,0,10,0,0
water_heater,cost,water heater installation price,10,10,10,10,10,10,10,10,10,10,0,10,10,0,10,10,10
water_heater,same_day,same day water heater replacement,10,10,10,10,10,10,10,10,10,10,10,10,10,0,10,10,0
water_heater,same_day,same day water heater installation,10,10,10,10,10,10,10,10,10,0,10,10,10,10,10,0,10
water_heater,same_day,same day water heater installer,0,0,0,0,0,0,0,0,0,0,0,0,0,0,0,0,0
water_heater,same_day,emergency water heater replacement,10,10,10,10,10,10,10,10,10,0,10,10,10,0,10,10,0
water_heater,same_day,emergency water heater installation,0,10,0,0,10,0,10,0,10,0,0,0,0,0,0,0,0
water_heater,same_day,urgent water heater replacement,0,0,0,0,0,0,0,0,0,0,0,0,0,0,0,0,0
water_heater,same_day,24 hour water heater replacement,0,10,0,0,10,0,0,10,0,0,10,0,0,0,0,0,10
water_heater,same_day,water heater replacement today,0,0,0,0,0,0,0,0,0,0,0,0,0,0,0,0,0
water_heater,tank,tank water heater replacement,10,20,10,10,30,10,10,10,30,10,10,10,10,10,10,10,10
water_heater,tank,tank water heater installation,10,10,10,10,20,10,10,10,40,10,10,20,20,10,10,10,10
water_heater,tank,tank water heater installer,0,0,0,0,0,0,0,0,0,0,0,0,0,0,0,0,0
water_heater,tank,storage tank water heater replacement,0,0,0,0,0,0,0,0,0,0,0,0,0,0,0,0,0
water_heater,tank,standard water heater replacement,0,0,0,0,0,0,0,0,0,0,0,0,0,0,0,0,0
water_heater,tank,conventional water heater replacement,0,0,0,0,0,0,0,0,0,0,0,0,0,0,0,0,0
water_heater,tankless,tankless water heater replacement,10,20,10,10,30,10,10,10,40,10,10,10,10,10,10,10,10
water_heater,tankless,tankless water heater replacement near me,10,10,10,10,10,10,10,0,10,0,0,10,0,0,10,0,0
water_heater,tankless,tankless water heater installation,140,320,170,30,390,10,170,40,720,10,40,20,30,10,30,10,20
water_heater,tankless,tankless water heater installation near me,20,110,20,40,110,10,10,10,50,10,10,10,10,10,10,10,10
water_heater,tankless,tankless water heater installer,140,320,170,30,390,10,170,40,720,10,40,20,30,10,30,10,20
water_heater,tankless,tankless water heater installer near me,20,110,20,40,110,10,10,10,50,10,10,10,10,10,10,10,10
water_heater,tankless,tankless water heater installation cost,90,210,110,20,390,10,90,30,480,10,20,10,10,10,20,10,20
water_heater,tankless,cost to install tankless water heater,90,210,110,20,390,10,90,30,480,10,20,10,10,10,20,10,20
water_heater,tankless,cost to replace tankless water heater,90,210,110,20,390,10,90,30,480,10,20,10,10,10,20,10,20
water_heater,gas,gas water heater replacement,20,10,20,10,10,10,10,10,20,10,10,10,10,10,10,10,10
water_heater,gas,gas water heater replacement near me,20,10,10,0,10,0,10,10,10,10,10,10,10,0,0,0,0
water_heater,gas,gas water heater installation,20,30,20,10,50,10,20,10,70,10,10,10,10,10,10,10,10
water_heater,gas,gas water heater installer,20,30,20,10,50,10,20,10,70,10,10,10,10,10,10,10,10
water_heater,gas,gas water heater installation cost,10,10,10,10,30,10,10,10,30,10,10,10,10,10,10,10,10
water_heater,gas,cost to replace gas water heater,10,10,10,10,10,10,10,10,10,10,10,10,10,0,10,10,10
water_heater,electric,electric water heater replacement,10,10,10,10,10,10,10,10,10,10,10,20,10,10,10,0,10
water_heater,electric,electric water heater replacement near me,0,10,0,0,0,0,0,0,0,0,0,0,0,0,0,0,0
water_heater,electric,electric water heater installation,20,30,20,10,30,10,10,10,50,10,10,10,10,10,10,10,10
water_heater,electric,electric water heater installer,20,30,20,10,30,10,10,10,50,10,10,10,10,10,10,10,10
water_heater,electric,electric water heater installation cost,10,10,10,10,20,10,10,10,20,10,10,10,10,10,10,10,10
water_heater,electric,cost to replace electric water heater,10,10,10,10,10,10,10,10,10,10,10,10,10,10,10,10,10
water_heater,heat_pump,heat pump water heater replacement,10,10,10,10,10,0,10,0,10,0,0,10,0,10,0,0,0
water_heater,heat_pump,heat pump water heater installation,50,70,90,10,90,10,90,20,110,10,10,10,20,10,10,10,10
water_heater,heat_pump,heat pump water heater installer,50,70,90,10,90,10,90,20,110,10,10,10,20,10,10,10,10
water_heater,heat_pump,heat pump water heater installation near me,10,10,10,0,10,0,10,10,10,0,10,10,0,0,0,0,0
water_heater,heat_pump,heat pump water heater installation cost,20,20,40,10,20,10,20,10,30,10,10,10,10,10,10,10,10
water_heater,heat_pump,hybrid water heater replacement,0,0,0,0,0,0,0,0,0,0,0,0,0,0,0,0,0
water_heater,heat_pump,hybrid water heater installation,10,10,10,0,10,10,10,10,10,10,0,0,10,0,10,10,10
water_heater,heat_pump,hybrid water heater installer,10,10,10,0,10,10,10,10,10,10,0,0,10,0,10,10,10
water_heater,conversion,tank to tankless water heater conversion,10,10,10,0,10,0,0,0,10,0,0,0,0,0,0,0,10
water_heater,conversion,convert tank water heater to tankless,10,10,10,0,10,0,0,0,10,0,0,0,0,0,0,0,10
water_heater,conversion,gas to electric water heater conversion,10,10,10,0,10,10,10,10,10,10,10,10,10,0,0,0,0
water_heater,conversion,electric to gas water heater conversion,10,10,10,0,10,10,10,10,10,10,10,10,10,0,0,0,0
water_heater,problem,replace leaking water heater,0,0,0,0,0,0,0,0,0,0,0,0,0,0,0,0,0
water_heater,problem,leaking water heater replacement,0,0,0,0,0,0,0,0,0,0,0,0,0,0,0,0,0
water_heater,problem,replace broken water heater,0,0,0,0,0,0,0,0,0,0,0,0,0,0,0,0,0
water_heater,problem,broken water heater replacement,0,0,10,0,0,0,0,0,0,0,0,0,0,0,0,0,0
water_heater,problem,no hot water water heater replacement,0,0,0,0,0,0,0,0,0,0,0,0,0,0,0,0,0
painting_interior,core,interior painters,10,10,70,10,20,10,20,10,40,10,10,10,10,10,10,10,10
painting_interior,core,interior painter,10,10,70,10,20,10,20,10,40,10,10,10,10,10,10,10,10
painting_interior,core,interior painters near me,10,20,90,10,30,10,10,10,90,10,10,10,10,10,10,10,10
painting_interior,core,interior house painters,10,10,70,10,20,10,20,10,40,10,10,10,10,10,10,10,10
painting_interior,core,interior house painter,10,10,10,10,10,0,10,10,10,10,10,10,10,0,10,10,10
painting_interior,core,interior home painters,10,10,10,10,10,0,0,10,10,0,10,10,10,0,10,0,0
painting_interior,core,interior wall painters,0,0,0,0,10,0,10,0,10,0,0,0,0,0,0,0,0
painting_interior,core,inside house painters,0,10,0,0,10,0,0,0,0,0,10,0,0,0,0,0,10
painting_interior,core,indoor house painters,10,0,10,0,10,0,0,0,10,0,0,10,10,0,0,0,0
painting_interior,service,interior painting,10,10,70,10,20,10,20,10,40,10,10,10,10,10,10,10,10
painting_interior,service,interior house painting,10,10,10,10,10,0,10,10,10,10,10,10,10,0,10,10,10
painting_interior,service,interior home painting,10,10,10,10,10,10,10,10,10,10,10,0,10,0,10,10,10
painting_interior,service,interior wall painting,10,20,10,10,30,10,10,10,50,10,10,10,10,10,10,10,10
painting_interior,service,interior painting services,10,30,20,10,40,10,20,10,50,10,10,10,10,10,10,10,10
painting_interior,service,interior house painting services,10,10,10,10,10,10,10,10,10,10,10,10,10,10,10,10,0
painting_interior,service,interior wall painting services,10,0,0,0,10,0,0,0,10,0,0,0,10,0,0,0,10
painting_interior,service,residential interior painting,10,10,10,10,10,10,10,0,10,0,0,10,0,0,0,0,0
painting_interior,service,residential interior painting services,0,0,10,0,10,0,10,10,10,0,0,0,0,0,10,0,0
painting_interior,provider,interior painting company,10,10,10,10,90,10,10,10,10,10,10,10,10,10,10,10,10
painting_interior,provider,interior painting companies,10,10,10,10,90,10,10,10,10,10,10,10,10,10,10,10,10
painting_interior,provider,interior painting company near me,10,10,0,0,10,0,0,0,10,0,10,0,10,0,0,0,10
painting_interior,provider,interior painting contractor,40,70,40,10,110,10,40,10,140,10,10,10,10,10,10,10,10
painting_interior,provider,interior painting contractors,40,70,40,10,110,10,40,10,140,10,10,10,10,10,10,10,10
painting_interior,provider,interior painting contractors near me,10,10,20,10,10,10,10,10,10,10,10,10,10,10,10,10,10
painting_interior,provider,interior wall painting contractors,10,10,10,0,10,0,10,10,10,10,10,10,10,0,10,0,0
painting_interior,provider,local interior painters,10,10,10,0,10,0,10,0,10,0,10,0,0,10,0,10,0
painting_interior,provider,professional interior painters,10,10,10,10,10,0,10,10,10,10,10,0,0,0,0,10,0
painting_interior,provider,professional interior painting,10,10,10,10,10,0,10,10,10,10,10,0,0,0,0,10,0
painting_interior,cost,interior painting cost,20,20,20,10,40,10,20,10,70,10,10,10,10,10,10,10,10
painting_interior,cost,interior house painting cost,10,10,10,10,20,10,10,10,30,10,10,10,10,10,10,10,10
painting_interior,cost,cost to paint house interior,10,10,10,10,20,10,10,10,30,10,10,10,10,10,10,10,10
painting_interior,cost,cost to paint interior walls,10,10,10,10,10,0,10,10,10,0,10,10,10,0,10,0,0
painting_interior,cost,interior painting estimate,10,10,10,10,10,0,10,0,10,0,10,0,10,0,0,0,0
painting_interior,cost,interior painting quote,10,10,10,10,10,10,10,10,10,10,10,10,10,0,10,10,10
painting_interior,cost,interior house painting estimate,10,10,10,0,10,0,10,10,10,10,0,10,10,0,0,0,0
painting_interior,cost,interior house painting quote,0,0,0,0,0,0,0,0,0,0,0,0,0,0,0,0,0
painting_interior,cost,interior painter cost,20,20,20,10,40,10,20,10,70,10,10,10,10,10,10,10,10
painting_interior,cost,interior painting prices,20,20,20,10,40,10,20,10,70,10,10,10,10,10,10,10,10
painting_interior,rooms,whole house interior painting,0,10,0,0,10,0,0,0,0,0,0,0,0,0,0,0,0
painting_interior,rooms,home interior wall painting,0,0,0,0,0,0,10,0,10,0,0,0,0,0,0,0,0
painting_interior,rooms,room painting services,10,0,10,0,10,0,10,0,10,0,0,0,0,0,0,0,0
painting_interior,rooms,living room painters,0,0,0,0,0,0,0,0,10,0,0,0,0,0,0,0,0
painting_interior,rooms,bedroom painters,0,0,0,0,0,0,10,10,10,0,0,0,0,0,0,0,10
painting_interior,rooms,kitchen painters,0,10,10,10,10,0,10,0,10,0,0,10,0,0,10,0,0
painting_interior,rooms,bathroom painters,0,10,10,10,10,0,10,10,10,0,0,10,0,0,0,0,0
painting_interior,rooms,ceiling painters,10,10,10,0,10,0,10,0,10,0,0,0,0,0,0,0,0
painting_interior,rooms,ceiling painting services,0,10,10,0,10,0,10,10,10,0,0,0,0,0,0,0,0
painting_interior,rooms,trim painting services,0,10,0,0,10,0,0,0,0,0,0,0,0,0,0,0,0
painting_interior,rooms,baseboard painting services,0,0,0,0,0,0,0,0,0,0,0,0,0,0,0,0,0
painting_interior,rooms,cabinet painting services,10,10,10,0,10,10,10,10,10,10,10,10,10,10,10,10,10
painting_exterior,core,exterior painters,10,10,50,10,10,10,10,10,50,10,10,10,10,10,10,10,10
painting_exterior,core,exterior painter,10,10,50,10,10,10,10,10,50,10,10,10,10,10,10,10,10
painting_exterior,core,exterior painters near me,10,10,110,10,30,10,10,10,70,10,10,10,10,10,10,10,10
painting_exterior,core,exterior house painters,10,10,40,10,10,10,10,10,20,10,10,10,10,10,10,10,10
painting_exterior,core,exterior house painter,10,10,40,10,10,10,10,10,20,10,10,10,10,10,10,10,10
painting_exterior,core,exterior home painters,10,0,0,10,10,0,10,0,10,0,0,10,0,0,0,0,0
painting_exterior,core,outside house painters,10,10,40,10,10,10,10,10,20,10,10,10,10,10,10,10,10
painting_exterior,service,exterior painting,10,10,50,10,10,10,10,10,50,10,10,10,10,10,10,10,10
painting_exterior,service,exterior house painting,10,10,40,10,10,10,10,10,20,10,10,10,10,10,10,10,10
painting_exterior,service,exterior home painting,10,0,0,10,10,0,10,0,10,0,0,10,0,0,0,0,0
painting_exterior,service,exterior wall painting,10,10,10,10,10,10,10,10,10,10,10,10,10,10,10,10,10
painting_exterior,service,exterior painting services,10,10,10,10,10,10,10,10,20,10,10,10,10,10,10,10,10
painting_exterior,service,exterior house painting services,10,10,10,10,10,10,10,10,20,10,10,10,10,10,10,10,10
painting_exterior,service,residential exterior painting,10,10,10,10,10,10,10,10,10,10,0,10,0,0,0,0,10
painting_exterior,service,residential exterior painting services,0,0,0,0,0,10,0,0,0,0,0,0,0,0,0,0,0
painting_exterior,provider,exterior painting company,10,10,10,10,20,10,10,10,10,10,10,10,10,10,10,10,0
painting_exterior,provider,exterior painting companies,10,10,10,10,20,10,10,10,10,10,10,10,10,10,10,10,0
painting_exterior,provider,exterior painting company near me,10,50,110,10,70,10,20,90,170,10,10,10,10,10,10,10,10
painting_exterior,provider,exterior painting contractor,70,70,90,10,170,10,50,20,210,10,20,10,10,10,10,10,10
painting_exterior,provider,exterior painting contractors,70,70,90,10,170,10,50,20,210,10,20,10,10,10,10,10,10
painting_exterior,provider,exterior painting contractors near me,10,50,110,10,70,10,20,90,170,10,10,10,10,10,10,10,10
painting_exterior,provider,local exterior painters,10,10,0,0,10,0,0,0,10,0,0,0,0,0,0,0,10
painting_exterior,provider,professional exterior painters,10,0,0,0,10,0,10,0,10,0,10,0,10,0,0,10,0
painting_exterior,provider,professional exterior painting,10,0,0,0,10,0,10,0,10,0,10,0,10,0,0,10,0
painting_exterior,cost,exterior painting cost,10,10,10,10,20,10,10,10,30,10,10,10,10,10,10,10,10
painting_exterior,cost,exterior house painting cost,10,10,10,10,30,10,10,10,40,10,10,10,10,10,10,10,10
painting_exterior,cost,cost to paint house exterior,10,10,10,10,30,10,10,10,40,10,10,10,10,10,10,10,10
painting_exterior,cost,cost to paint exterior walls,0,10,10,0,0,0,0,10,10,0,0,0,0,0,0,10,0
painting_exterior,cost,exterior painting estimate,10,10,10,10,10,10,10,0,10,10,0,0,10,10,10,0,10
painting_exterior,cost,exterior painting quote,10,10,10,10,10,10,10,10,10,10,10,10,10,0,10,10,10
painting_exterior,cost,exterior house painting estimate,10,10,10,0,10,0,10,10,10,10,10,0,0,0,0,0,0
painting_exterior,cost,exterior house painting quote,10,10,10,10,10,10,10,10,10,10,10,10,10,0,10,10,10
painting_exterior,cost,exterior painter cost,10,10,10,10,20,10,10,10,30,10,10,10,10,10,10,10,10
painting_exterior,cost,exterior painting prices,10,10,10,10,20,10,10,10,30,10,10,10,10,10,10,10,10
painting_exterior,surface,stucco painting,10,40,30,10,50,10,20,10,110,10,10,10,10,10,10,10,10
painting_exterior,surface,stucco painters,10,40,30,10,50,10,20,10,110,10,10,10,10,10,10,10,10
painting_exterior,surface,stucco painting services,10,10,10,10,10,0,10,10,10,10,0,0,0,0,10,0,10
painting_exterior,surface,brick house painting,10,10,10,10,10,10,10,10,10,10,10,10,10,10,10,10,10
painting_exterior,surface,siding painting,10,10,10,10,10,10,10,10,10,10,10,10,10,10,10,10,10
painting_exterior,surface,siding painters,0,0,0,0,0,0,10,0,0,0,0,0,0,0,0,0,0
painting_exterior,surface,wood siding painting,10,10,10,10,10,0,10,10,10,10,10,10,10,10,0,0,10
painting_exterior,surface,house trim painting,10,10,10,0,10,0,10,10,10,10,10,10,0,0,10,10,10
painting_exterior,surface,front door painting service,10,10,10,0,10,0,10,10,10,0,0,0,0,0,0,0,0
painting_exterior,surface,garage door painting service,10,10,10,10,10,10,10,10,10,10,10,0,10,10,10,0,10
painting_general,core,house painters,20,50,50,10,50,10,30,10,90,10,10,10,10,10,10,10,10
painting_general,core,house painter,20,50,50,10,50,10,30,10,90,10,10,10,10,10,10,10,10
painting_general,core,house painters near me,90,590,260,30,480,40,110,70,880,30,90,20,20,10,30,20,20
painting_general,core,home painters,10,10,10,10,10,0,10,10,10,0,10,10,10,0,10,10,10
painting_general,core,residential painters,10,10,10,10,10,10,10,10,20,10,10,10,0,10,10,10,10
painting_general,core,residential painters near me,10,10,20,10,10,10,10,10,30,10,10,10,0,10,10,10,10
painting_general,service,house painting,40,50,50,10,90,10,50,20,210,10,10,10,10,10,10,10,10
painting_general,service,house painting services,10,10,50,10,20,10,20,10,40,10,10,10,10,10,10,10,10
painting_general,service,home painting services,10,10,50,10,20,10,20,10,40,10,10,10,10,10,10,10,10
painting_general,service,residential painting,10,10,10,10,10,10,10,10,20,10,10,10,0,10,10,10,10
painting_general,service,residential painting services,10,10,10,10,20,0,10,10,30,10,10,10,10,10,10,10,10
painting_general,provider,painting company,50,140,110,20,260,10,70,20,320,10,10,20,10,10,10,10,10
painting_general,provider,painting companies,50,140,110,20,260,10,70,20,320,10,10,20,10,10,10,10,10
painting_general,provider,painting company near me,140,320,210,10,390,10,140,170,480,20,390,10,10,10,20,10,10
painting_general,provider,painting contractor,30,90,90,10,110,10,140,10,260,10,10,10,10,10,20,10,10
painting_general,provider,painting contractors,30,90,90,10,110,10,140,10,260,10,10,10,10,10,20,10,10
painting_general,provider,painting contractors near me,40,50,70,10,140,10,40,10,210,10,10,10,10,10,10,10,10
painting_general,provider,local painting company,10,10,10,10,10,10,10,10,10,10,10,10,10,0,10,0,10
painting_general,provider,local house painters,10,10,30,10,10,10,10,10,50,10,10,10,10,10,10,10,10
painting_general,provider,professional house painters,10,10,20,10,20,10,10,10,20,10,10,10,10,10,10,10,10
painting_general,cost,house painting cost,10,20,20,10,40,10,10,10,50,10,10,10,10,10,10,10,10
painting_general,cost,cost to paint a house,10,20,20,10,40,10,10,10,50,10,10,10,10,10,10,10,10
painting_general,cost,house painting estimate,10,10,10,10,10,10,10,0,10,10,10,0,10,10,10,0,10
painting_general,cost,house painting quote,10,10,10,10,10,10,10,10,10,10,10,10,10,0,10,10,10
painting_general,cost,painting estimate,10,10,10,0,10,10,10,10,10,10,10,10,10,10,10,10,10
painting_general,cost,painting quote,10,10,10,10,20,10,10,10,30,10,10,10,10,10,10,10,10
painting_general,cost,free painting estimate,10,10,10,0,10,0,10,0,10,0,10,0,0,0,10,0,0
wallpaper,core,wallpaper installer,20,70,30,10,70,10,50,10,110,10,10,10,10,10,10,10,10
wallpaper,core,wallpaper installers,20,70,30,10,70,10,50,10,110,10,10,10,10,10,10,10,10
wallpaper,core,wallpaper installer near me,20,40,20,10,70,10,40,10,110,10,10,10,10,10,10,10,10
wallpaper,core,wallpaper installation,20,70,30,10,70,10,50,10,110,10,10,10,10,10,10,10,10
wallpaper,core,wallpaper installation near me,20,40,20,10,70,10,40,10,110,10,10,10,10,10,10,10,10
wallpaper,core,wallpaper installation service,10,10,10,10,10,0,10,10,10,10,10,10,10,10,10,10,10
wallpaper,core,wallpaper installation services,10,10,10,10,10,0,10,10,10,10,10,10,10,10,10,10,10
wallpaper,core,wallpaper hanging,10,10,10,10,10,10,10,10,10,10,10,10,10,0,10,10,10
wallpaper,core,wallpaper hanging near me,10,10,10,10,20,10,10,10,10,10,10,10,10,10,10,10,10
wallpaper,core,wallpaper hanging service,10,10,10,10,10,0,10,10,10,0,0,0,0,0,0,0,0
wallpaper,core,wallpaper hanging services,10,10,10,10,10,0,10,10,10,0,0,0,0,0,0,0,0
wallpaper,core,wallpaper hanger,10,10,10,10,10,10,10,10,10,10,10,10,10,0,10,10,10
wallpaper,core,wallpaper hangers,10,10,10,10,10,10,10,10,10,10,10,10,10,0,10,10,10
wallpaper,core,wallpaper hanger near me,10,10,10,10,20,10,10,10,10,10,10,10,10,10,10,10,10
wallpaper,provider,wallpaper installation company,10,10,10,10,10,10,10,10,20,10,10,10,10,10,10,10,10
wallpaper,provider,wallpaper installation contractor,0,0,0,0,0,0,0,0,0,0,0,0,0,0,0,0,0
wallpaper,provider,wallpaper installation contractors,0,0,0,0,0,0,0,0,0,0,0,0,0,0,0,0,0
wallpaper,provider,professional wallpaper installer,10,10,10,10,10,10,10,10,10,10,10,10,10,10,10,10,10
wallpaper,provider,professional wallpaper installer near me,10,10,10,10,10,10,10,10,10,0,10,0,0,10,10,10,10
wallpaper,provider,professional wallpaper installation,10,10,10,10,10,10,10,10,10,10,10,10,10,10,10,10,10
wallpaper,provider,professional wallpaper hanging,10,10,10,10,10,0,10,0,10,0,0,10,10,0,0,0,0
wallpaper,provider,local wallpaper installer,0,0,0,0,10,0,0,0,10,0,0,0,0,0,0,0,0
wallpaper,provider,hire wallpaper installer,10,0,10,0,10,0,10,0,10,10,0,0,0,0,0,0,0
wallpaper,cost,wallpaper installer cost,10,10,10,10,20,10,10,10,40,10,10,10,10,10,10,10,10
wallpaper,cost,wallpaper installation cost,10,10,10,10,20,10,10,10,40,10,10,10,10,10,10,10,10
wallpaper,cost,cost to install wallpaper,10,10,10,10,20,10,10,10,40,10,10,10,10,10,10,10,10
wallpaper,cost,wallpaper hanging cost,0,0,0,0,10,0,0,0,0,0,0,0,0,10,0,0,0
wallpaper,cost,cost to hang wallpaper,0,0,0,0,10,0,0,0,0,0,0,0,0,10,0,0,0
wallpaper,cost,wallpaper installation estimate,0,0,0,0,0,0,0,0,0,0,0,0,0,0,0,0,0
wallpaper,cost,wallpaper installation quote,0,0,0,0,0,0,0,0,0,0,0,0,0,0,0,0,0
wallpaper,cost,wallpaper installer prices,0,0,0,0,0,0,0,0,0,0,0,0,0,0,0,0,0
wallpaper,cost,professional wallpaper installer cost,10,10,0,0,10,0,10,0,10,0,0,10,0,0,0,0,0
wallpaper,type,peel and stick wallpaper installer,10,10,10,0,10,10,10,0,10,10,10,10,0,10,10,10,10
wallpaper,type,peel and stick wallpaper installation,10,10,10,0,10,10,10,0,10,10,10,10,0,10,10,10,10
wallpaper,type,mural wallpaper installer,0,0,0,0,0,0,0,0,0,0,0,0,0,0,0,0,0
wallpaper,type,wall mural installation,10,10,10,0,10,0,10,10,10,0,10,10,0,0,0,0,0
wallpaper,type,grasscloth wallpaper installer,0,0,0,0,0,0,0,0,0,0,0,0,0,0,0,0,0
wallpaper,type,grasscloth wallpaper installation,10,10,0,0,10,0,10,0,10,0,0,0,0,0,0,10,10
wallpaper,type,textured wallpaper installation,0,0,0,0,0,0,0,0,10,0,0,0,0,0,0,0,0
wallpaper,type,vinyl wallpaper installation,10,10,10,0,10,0,10,0,10,0,10,0,0,0,0,0,10
wallpaper,type,custom wallpaper installation,0,10,0,0,10,0,0,0,10,0,0,0,0,0,10,0,0
wallpaper,type,residential wallpaper installation,0,0,0,0,10,0,0,0,10,0,0,0,0,0,0,0,0
floristry,occasion,birthday flowers,390,590,320,40,880,20,320,70,1300,30,70,30,40,20,50,20,40
floristry,delivery,flower delivery,880,2400,1000,210,3600,90,1600,260,5400,140,210,140,170,210,210,170,170
floristry,core,flowers,8100,12100,6600,1000,22200,390,8100,1600,40500,720,1000,720,1000,720,1600,480,880
floristry,custom,personalized bouquets from local florists,0,0,0,0,0,0,0,0,0,0,0,0,0,0,0,0,0
floristry,roses,rose bouquets,170,260,170,20,480,10,210,50,880,10,20,10,20,10,40,10,10
floristry,delivery,same day flower delivery,260,590,320,70,880,30,390,70,1600,30,50,30,50,50,50,40,50
floristry,occasion,sympathy flowers,50,140,90,10,260,10,90,20,320,10,10,10,10,10,20,10,10
floristry,wedding,wedding flowers,90,170,140,20,320,10,170,30,480,10,20,10,20,10,20,10,10
floristry,occasion,anniversary flowers,20,30,30,10,70,10,20,10,90,10,10,10,10,10,10,10,10
floristry,occasion,apology flowers,10,10,20,10,20,10,10,10,30,10,10,10,10,10,10,10,10
floristry,wedding,bridal bouquets,70,140,90,10,260,10,140,30,390,10,10,10,20,10,20,10,10
floristry,occasion,congratulations flowers,10,20,20,10,30,10,10,10,50,10,10,10,10,10,10,10,10
floristry,corporate,corporate flowers,10,10,10,10,10,0,10,10,10,0,10,10,10,10,0,0,0
floristry,custom,custom bouquets,10,20,20,10,30,10,10,10,50,10,10,10,10,10,10,10,10
floristry,event,event flower arrangements,10,10,10,10,20,10,10,10,40,10,10,10,10,10,10,10,10
floristry,wedding,flowers for newlyweds,10,10,10,0,10,0,10,10,10,0,10,10,0,0,0,0,0
floristry,occasion,get well flowers,10,20,10,10,30,10,10,10,50,10,10,10,10,10,10,10,10
floristry,occasion,housewarming flowers,10,10,10,10,10,10,10,10,10,10,10,10,10,10,10,10,10
floristry,occasion,just because flowers,10,10,10,10,10,10,10,10,20,10,10,10,10,10,10,10,10
floristry,luxury,luxury bouquets,10,20,10,10,30,10,10,10,70,10,10,10,10,10,10,10,10
floristry,occasion,new baby flowers,10,10,10,10,10,10,10,10,20,10,10,10,10,10,10,10,10
floristry,occasion,romantic flowers,10,10,20,10,30,10,10,10,50,10,10,10,10,10,10,10,10
floristry,occasion,thank you flowers,10,30,30,10,70,10,20,10,90,10,10,10,10,10,10,10,10
floristry,wedding,bridal bouquet,70,140,90,10,260,10,140,30,390,10,10,10,20,10,20,10,10
floristry,event,event flowers,10,10,10,10,10,10,10,10,10,0,10,10,10,0,10,0,10
floristry,event,floral centerpieces,10,20,50,10,70,10,20,20,90,10,10,10,10,10,10,10,10
floristry,core,florist,880,1600,1900,170,2900,70,2900,260,5400,110,170,210,260,320,110,170,140
floristry,event,flower centerpieces,10,20,10,10,50,10,10,10,90,10,10,10,10,10,10,10,10
floristry,core,flower shop,720,1900,1000,170,3600,50,2400,320,6600,70,110,140,260,210,210,170,90
floristry,core,local florist,10,20,10,10,40,10,10,10,50,10,10,10,10,10,10,10,10
floristry,custom,personalized bouquets,10,20,20,10,30,10,10,10,50,10,10,10,10,10,10,10,10
floristry,roses,rose bouquet,170,260,170,20,480,10,210,50,880,10,20,10,20,10,40,10,10
floristry,roses,roses,2900,4400,2900,390,8100,170,2900,880,14800,260,480,320,390,260,590,170,320
floristry,delivery,send flowers,110,320,140,30,390,10,210,30,590,20,30,20,20,30,30,20,20
floristry,event,table flower arrangements,10,10,10,10,30,10,10,20,40,10,10,10,10,10,10,10,10
floristry,wedding,wedding gift flowers,10,10,10,10,10,0,10,10,10,10,0,0,10,10,0,0,0
water_heater,cost,hot water heater replacement cost,10,20,10,10,20,10,10,10,30,10,10,10,10,10,10,10,10
water_heater,tankless,tankless water heater installation gas,10,30,20,10,50,10,10,10,70,10,10,10,10,10,10,10,10
water_heater,installation,tank water heater install,10,10,10,10,20,10,10,10,40,10,10,20,20,10,10,10,10
water_heater,tankless,tankless electric water heater installation,10,30,10,10,30,10,10,10,50,10,10,10,10,10,10,10,10
water_heater,tankless,tankless water heater replacement cost,90,210,110,20,390,10,90,30,480,10,20,10,10,10,20,10,20
water_heater,tankless,replace tankless water heater,10,20,10,10,30,10,10,10,40,10,10,10,10,10,10,10,10
water_heater,cost,hot water heater installation cost,10,10,10,10,10,10,10,10,10,10,10,10,10,0,10,10,10
water_heater,electric,electric water heater replacement cost,10,10,10,10,10,10,10,10,10,10,10,10,10,10,10,10,10
water_heater,tankless,propane tankless water heater installation,10,10,10,10,10,10,10,10,10,10,10,10,0,0,10,10,0
water_heater,tankless,tankless water heater installation services,10,10,10,10,10,10,10,10,20,10,10,10,10,10,10,10,10
water_heater,electric,electric hot water heater installation cost,10,10,10,0,10,10,10,10,10,10,10,10,10,0,10,10,10
water_heater,gas,gas hot water heater installation,10,10,10,10,10,0,10,10,10,10,0,10,10,0,0,0,0
water_heater,electric,electric hot water heater installation,10,10,10,10,10,10,10,10,10,10,0,0,0,0,0,0,0
water_heater,tankless,natural gas tankless water heater installation,10,10,10,0,10,10,10,0,10,0,10,0,10,0,10,10,10
water_heater,tankless,gas tankless hot water heater installation,10,10,10,0,10,0,10,0,10,0,0,0,0,0,10,10,0
water_heater,electric,hot water heater installation electric,10,10,10,10,10,10,10,10,10,10,0,0,0,0,0,0,0
water_heater,tankless,cost to install electric tankless hot water heater,0,10,0,0,10,0,0,0,10,0,0,0,0,0,0,0,0
painting_interior,service,interior door painting services,10,10,10,10,10,10,10,0,10,0,0,0,0,0,10,0,10
painting_interior,provider,house interior painting contractors,10,10,10,0,10,10,10,10,10,0,0,0,0,10,0,10,10
painting_interior,provider,interior home painting company,0,10,10,0,10,10,10,0,10,0,0,0,0,0,10,0,10
painting_interior,provider,interior house painting companies,0,10,10,0,10,10,10,0,10,0,0,0,0,0,10,0,10
painting_interior,cost,interior house painting estimates,10,10,10,0,10,0,10,10,10,10,0,10,10,0,0,0,0
painting_interior,service,cheap interior painters,0,10,10,10,10,0,10,10,10,0,0,0,0,0,0,0,10
painting_interior,provider,interior home painting contractors,10,0,10,0,10,0,10,0,10,0,10,10,0,0,0,10,0
painting_interior,cost,interior home painting estimate,0,10,10,0,10,0,10,0,10,0,0,0,10,0,10,0,0
painting_interior,service,home interior painting services,10,10,10,0,10,0,0,0,10,0,0,0,0,0,0,0,10
painting_interior,cost,interior painters quotes,10,10,10,10,10,10,10,10,10,10,10,10,10,0,10,10,10
painting_interior,service,residential house interior painting,0,0,0,0,0,0,0,0,0,0,0,0,0,0,0,0,0
painting_exterior,service,painting services,20,30,70,10,70,10,50,10,210,10,90,10,10,10,10,10,10
painting_exterior,service,local painting services,10,0,0,0,10,0,10,10,10,0,0,0,0,0,0,0,0
painting_exterior,residential,professional house painter,10,10,20,10,20,10,10,10,20,10,10,10,10,10,10,10,10
painting_exterior,provider,house painting contractors,10,10,10,10,10,10,10,10,20,10,10,10,10,10,10,10,10
painting_exterior,provider,professional painting contractors,10,10,10,10,10,10,10,10,20,10,10,10,10,10,10,10,10
painting_exterior,provider,local painting contractors,10,10,10,10,10,10,10,10,20,0,10,10,0,10,10,10,10
painting_exterior,provider,house exterior painting contractor,10,10,10,10,10,10,10,10,10,10,10,10,10,10,10,10,10
painting_exterior,service,exterior painting professional,10,10,10,10,10,10,10,0,10,10,10,0,0,0,10,10,10
painting_exterior,provider,professional house painting contractor,10,10,10,10,10,0,10,10,10,10,10,10,0,10,10,10,10
painting_exterior,provider,professional house painting contractors,10,10,10,10,10,0,10,10,10,10,10,10,0,10,10,10,10
painting_exterior,residential,professional exterior house painters,10,0,0,0,10,0,10,0,10,0,10,0,10,0,0,10,0
painting_exterior,residential,professional home painters,10,10,0,0,10,0,0,0,10,0,0,0,0,0,0,0,0
painting_exterior,residential,professional residential painters,0,10,10,0,10,0,0,0,0,0,0,0,0,0,0,0,0
floristry,occasion,valentines flowers,720,1300,720,90,1900,40,880,210,3600,70,90,70,140,90,110,50,90
floristry,arrangements,flower bouquet,480,720,480,50,1300,30,480,170,2400,40,50,50,90,30,110,30,40
floristry,sympathy,funeral flowers,210,320,260,40,720,10,260,70,1000,20,30,20,30,20,50,10,20
floristry,sympathy,funeral flower arrangements,140,170,140,20,390,10,110,30,720,10,20,10,10,10,40,10,10
floristry,arrangements,flower bouquet near me,90,140,110,10,260,10,140,50,320,10,10,10,20,10,20,10,10
floristry,delivery,flower delivery service,40,110,50,10,170,10,110,10,320,10,10,10,10,10,10,10,10
floristry,wedding_event,boutonniere wedding,50,110,70,10,170,10,90,20,260,10,10,10,10,10,10,10,10
floristry,delivery,flower delivery services online,30,90,40,10,140,10,70,10,210,10,10,10,10,10,10,10,10
floristry,delivery,online flower delivery,20,70,40,10,90,10,50,10,140,10,10,10,10,10,10,10,10
floristry,delivery,cheap flower delivery,30,70,40,10,90,10,50,10,170,10,10,10,10,10,10,10,10
floristry,core,same day flowers,20,70,40,10,90,10,40,10,170,10,10,10,10,10,10,10,10
floristry,delivery,deliver flowers,880,2400,1000,210,3600,90,1600,260,5400,140,210,140,170,210,210,170,170
floristry,delivery,send flowers online,20,50,40,10,70,10,40,10,90,10,10,10,10,10,10,10,10
floristry,sympathy,funeral flowers delivery,20,40,30,10,90,10,40,10,140,10,10,10,10,10,10,10,10
floristry,wedding_event,corsage flower,30,50,30,10,90,10,40,10,110,10,10,10,10,10,10,10,10
floristry,occasion,mother's day flower delivery,20,70,30,10,70,10,50,10,140,10,10,10,10,10,10,10,10
floristry,delivery,best flower delivery,10,50,30,10,70,10,40,10,110,10,10,10,10,10,10,10,10
floristry,delivery,flower bouquet delivery,20,40,30,10,70,10,40,10,140,10,10,10,10,10,10,10,10
floristry,wedding_event,wedding flower bouquets,20,50,30,10,90,10,30,10,140,10,10,10,10,10,10,10,10
floristry,delivery,flower delivery today,10,30,10,10,70,10,20,10,90,10,10,10,10,10,10,10,10
floristry,delivery,local flower delivery,10,20,10,10,40,10,10,10,50,10,10,10,10,10,10,10,10
floristry,delivery,fresh flower delivery,20,40,20,10,70,10,20,10,110,10,10,10,10,10,10,10,10
floristry,sympathy,sympathy flowers delivery,10,30,30,10,50,10,20,10,70,10,10,10,10,10,10,10,10
floristry,delivery,best online flower delivery,10,20,10,10,40,10,10,10,50,10,10,10,10,10,10,10,10
floristry,occasion,valentines flower bouquet,20,30,20,10,50,10,20,10,110,10,10,10,10,10,10,10,10
floristry,occasion,mother's day flowers delivery,20,70,30,10,70,10,50,10,140,10,10,10,10,10,10,10,10
floristry,arrangements,fresh flower bouquet,10,20,20,10,40,10,10,10,70,10,10,10,10,10,10,10,10
floristry,wedding_event,rose bridal bouquet,10,20,20,10,40,10,20,10,70,10,10,10,10,10,10,10,10
floristry,delivery,flower delivery same day,260,590,320,70,880,30,390,70,1600,30,50,30,50,50,50,40,50
floristry,delivery,best flower delivery services,10,20,10,10,40,10,20,10,50,10,10,10,10,10,10,10,10
floristry,arrangements,custom flower bouquet,10,20,20,10,30,10,10,10,50,10,10,10,10,10,10,10,10
floristry,sympathy,sympathy flower arrangements,10,10,10,10,30,10,10,10,40,10,10,10,10,10,10,10,10
floristry,core,florist flowers,10,10,10,10,20,10,10,10,40,10,10,10,10,10,10,10,10
floristry,wedding_event,bridal bouquet fresh flowers,10,20,10,10,20,10,10,10,30,10,10,10,10,10,10,10,10
floristry,wedding_event,wedding flowers delivery,10,10,10,10,10,10,10,10,20,10,10,10,10,10,10,10,10
floristry,delivery,same day flower delivery service,10,10,10,10,10,10,10,10,30,10,10,10,10,10,10,10,10
floristry,delivery,same day flower delivery services,10,10,10,10,10,10,10,10,30,10,10,10,10,10,10,10,10
floristry,delivery,cheap same day flower delivery,10,10,10,10,10,0,10,10,10,0,10,10,10,10,10,10,10
floristry,wedding_event,bridal bouquet flowers,10,10,10,10,10,10,10,10,10,10,10,10,10,0,10,10,10
floristry,wedding_event,wedding bridal bouquet,10,10,10,10,10,0,10,10,10,0,10,0,10,0,10,10,10
floristry,delivery,best same day flower delivery,10,10,10,10,10,10,10,10,10,10,10,10,10,10,10,0,10
floristry,sympathy,sympathy flowers same day delivery,10,10,10,10,10,10,10,10,10,10,10,10,10,10,0,10,10
floristry,sympathy,funeral flowers same day delivery,10,10,10,10,10,0,10,0,10,0,0,0,0,10,0,10,0
floristry,delivery,flower bouquet delivery same day,10,10,10,10,10,10,10,10,10,0,0,0,10,10,10,10,0
floristry,delivery,same day delivery flower bouquet,10,10,10,10,10,10,10,10,10,0,0,0,10,10,10,10,0
floristry,delivery,local flower delivery same day,10,10,10,10,10,0,10,10,10,10,10,0,0,0,0,10,10
floristry,delivery,florist flower delivery,10,10,10,10,10,0,10,10,10,0,10,0,10,10,0,0,0
floristry,delivery,online flower bouquet delivery,10,10,10,0,10,10,10,10,10,10,10,0,10,0,0,10,10
floristry,delivery,send flowers online same day,10,10,10,10,10,0,10,0,10,10,0,10,0,0,0,0,0
floristry,delivery,flower bouquet same day delivery,10,10,10,0,10,0,10,10,10,10,0,10,0,0,10,0,10
